case_id,count,mean,std,min,max
1_2_1,3,3.3333333333333335,0.5773502691896258,3,4
2_3_1,3,3.6666666666666665,1.5275252316519465,2,5
3_3_2,3,6.0,1.0,5,7
